country,start,end,type
US,2007-06-01,2009-12-01,systemic
GB,2007-09-01,2009-12-01,systemic
DE,2008-01-01,2009-12-01,systemic
FR,2008-01-01,2009-12-01,systemic
NL,2008-01-01,2009-12-01,systemic
BE,2008-09-01,2009-12-01,systemic
AT,2008-09-01,2009-12-01,systemic
CH,2008-10-01,2009-12-01,systemic
SE,2008-10-01,2009-12-01,systemic
DK,2008-09-01,2009-12-01,systemic
ES,2008-03-01,2012-12-01,systemic
IE,2008-01-01,2012-12-01,systemic
GR,2008-10-01,2018-06-01,systemic
PT,2008-09-01,2014-06-01,systemic
IT,2008-09-01,2009-12-01,systemic
JP,1997-07-01,2001-12-01,systemic
KR,1997-07-01,1998-12-01,systemic
TH,1997-07-01,2000-12-01,systemic
ID,1997-11-01,2001-12-01,systemic
MY,1997-07-01,1999-12-01,systemic
PH,1997-07-01,2001-12-01,systemic
MX,1994-12-01,1996-12-01,systemic
BR,1990-02-01,1994-12-01,systemic
BR,2008-09-01,2009-12-01,systemic
AR,2001-01-01,2003-12-01,systemic
AR,1995-01-01,1996-04-01,systemic
TR,2000-11-01,2001-12-01,systemic
TR,2008-10-01,2009-12-01,systemic
RU,1998-08-01,1999-12-01,systemic
RU,2008-09-01,2009-12-01,systemic
IN,1993-01-01,1996-12-01,systemic
CN,1998-01-01,1998-12-01,systemic
FI,1991-09-01,1995-12-01,systemic
NO,1991-01-01,1993-12-01,systemic
CO,1998-06-01,2000-12-01,systemic
NG,2009-01-01,2012-12-01,systemic
EG,1990-01-01,1995-12-01,systemic
LK,2022-04-01,2024-12-01,systemic
LB,2019-10-01,2024-12-01,systemic
ZA,1985-01-01,1985-12-01,systemic
CL,1981-09-01,1985-12-01,systemic
PK,2008-09-01,2009-12-01,systemic
